{
	"FloorTile0/sizeAbove/FloorTile0_Above_E": {
		"frame": {
			"x": 164,
			"y": 0,
			"width": 60,
			"height": 61
		},
		"sourceSize": {
			"width": 98,
			"height": 162
		},
		"rotated": false
	},
	"FloorTile0/sizeAbove/FloorTile0_Above_N": {
		"frame": {
			"x": 0,
			"y": 164,
			"width": 60,
			"height": 61
		},
		"sourceSize": {
			"width": 98,
			"height": 162
		},
		"rotated": false
	},
	"FloorTile0/sizeAbove/FloorTile0_Above_NE": {
		"frame": {
			"x": 0,
			"y": 0,
			"width": 80,
			"height": 80
		},
		"sourceSize": {
			"width": 130,
			"height": 194
		},
		"rotated": false
	},
	"FloorTile0/sizeAbove/FloorTile0_Above_NW": {
		"frame": {
			"x": 82,
			"y": 0,
			"width": 80,
			"height": 80
		},
		"sourceSize": {
			"width": 130,
			"height": 194
		},
		"rotated": false
	},
	"FloorTile0/sizeAbove/FloorTile0_Above_S": {
		"frame": {
			"x": 62,
			"y": 164,
			"width": 60,
			"height": 61
		},
		"sourceSize": {
			"width": 98,
			"height": 162
		},
		"rotated": false
	},
	"FloorTile0/sizeAbove/FloorTile0_Above_SE": {
		"frame": {
			"x": 0,
			"y": 82,
			"width": 80,
			"height": 80
		},
		"sourceSize": {
			"width": 130,
			"height": 194
		},
		"rotated": false
	},
	"FloorTile0/sizeAbove/FloorTile0_Above_SW": {
		"frame": {
			"x": 82,
			"y": 82,
			"width": 80,
			"height": 80
		},
		"sourceSize": {
			"width": 130,
			"height": 194
		},
		"rotated": false
	},
	"FloorTile0/sizeAbove/FloorTile0_Above_W": {
		"frame": {
			"x": 164,
			"y": 63,
			"width": 60,
			"height": 61
		},
		"sourceSize": {
			"width": 98,
			"height": 162
		},
		"rotated": false
	}
}