{
	"sizeAbove/CubeExplosion1_Above_E_00": {
		"frame": {
			"x": 116,
			"y": 230,
			"width": 8,
			"height": 12
		},
		"sourceSize": {
			"width": 98,
			"height": 162
		},
		"rotated": false
	},
	"sizeAbove/CubeExplosion1_Above_E_01": {
		"frame": {
			"x": 482,
			"y": 491,
			"width": 24,
			"height": 24
		},
		"sourceSize": {
			"width": 98,
			"height": 162
		},
		"rotated": false
	},
	"sizeAbove/CubeExplosion1_Above_E_02": {
		"frame": {
			"x": 436,
			"y": 358,
			"width": 44,
			"height": 53
		},
		"sourceSize": {
			"width": 98,
			"height": 162
		},
		"rotated": false
	},
	"sizeAbove/CubeExplosion1_Above_E_03": {
		"frame": {
			"x": 134,
			"y": 132,
			"width": 38,
			"height": 97
		},
		"sourceSize": {
			"width": 98,
			"height": 162
		},
		"rotated": false
	},
	"sizeAbove/CubeExplosion1_Above_E_04": {
		"frame": {
			"x": 352,
			"y": 59,
			"width": 54,
			"height": 62
		},
		"sourceSize": {
			"width": 98,
			"height": 162
		},
		"rotated": false
	},
	"sizeAbove/CubeExplosion1_Above_E_05": {
		"frame": {
			"x": 382,
			"y": 278,
			"width": 48,
			"height": 60
		},
		"sourceSize": {
			"width": 98,
			"height": 162
		},
		"rotated": false
	},
	"sizeAbove/CubeExplosion1_Above_E_06": {
		"frame": {
			"x": 134,
			"y": 0,
			"width": 72,
			"height": 57
		},
		"sourceSize": {
			"width": 98,
			"height": 162
		},
		"rotated": false
	},
	"sizeAbove/CubeExplosion1_Above_E_07": {
		"frame": {
			"x": 0,
			"y": 349,
			"width": 52,
			"height": 65
		},
		"sourceSize": {
			"width": 98,
			"height": 162
		},
		"rotated": false
	},
	"sizeAbove/CubeExplosion1_Above_E_08": {
		"frame": {
			"x": 324,
			"y": 0,
			"width": 56,
			"height": 54
		},
		"sourceSize": {
			"width": 98,
			"height": 162
		},
		"rotated": false
	},
	"sizeAbove/CubeExplosion1_Above_E_09": {
		"frame": {
			"x": 174,
			"y": 464,
			"width": 48,
			"height": 54
		},
		"sourceSize": {
			"width": 98,
			"height": 162
		},
		"rotated": false
	},
	"sizeAbove/CubeExplosion1_Above_E_10": {
		"frame": {
			"x": 482,
			"y": 336,
			"width": 38,
			"height": 54
		},
		"sourceSize": {
			"width": 98,
			"height": 162
		},
		"rotated": false
	},
	"sizeAbove/CubeExplosion1_Above_E_11": {
		"frame": {
			"x": 482,
			"y": 430,
			"width": 38,
			"height": 30
		},
		"sourceSize": {
			"width": 98,
			"height": 162
		},
		"rotated": false
	},
	"sizeAbove/CubeExplosion1_Above_E_12": {
		"frame": {
			"x": 116,
			"y": 212,
			"width": 6,
			"height": 16
		},
		"sourceSize": {
			"width": 98,
			"height": 162
		},
		"rotated": false
	},
	"sizeAbove/CubeExplosion1_Above_NE_00": {
		"frame": {
			"x": 116,
			"y": 173,
			"width": 10,
			"height": 13
		},
		"sourceSize": {
			"width": 130,
			"height": 194
		},
		"rotated": false
	},
	"sizeAbove/CubeExplosion1_Above_NE_01": {
		"frame": {
			"x": 522,
			"y": 336,
			"width": 24,
			"height": 31
		},
		"sourceSize": {
			"width": 130,
			"height": 194
		},
		"rotated": false
	},
	"sizeAbove/CubeExplosion1_Above_NE_02": {
		"frame": {
			"x": 342,
			"y": 358,
			"width": 42,
			"height": 62
		},
		"sourceSize": {
			"width": 130,
			"height": 194
		},
		"rotated": false
	},
	"sizeAbove/CubeExplosion1_Above_NE_03": {
		"frame": {
			"x": 76,
			"y": 158,
			"width": 38,
			"height": 99
		},
		"sourceSize": {
			"width": 130,
			"height": 194
		},
		"rotated": false
	},
	"sizeAbove/CubeExplosion1_Above_NE_04": {
		"frame": {
			"x": 296,
			"y": 59,
			"width": 54,
			"height": 64
		},
		"sourceSize": {
			"width": 130,
			"height": 194
		},
		"rotated": false
	},
	"sizeAbove/CubeExplosion1_Above_NE_05": {
		"frame": {
			"x": 174,
			"y": 209,
			"width": 54,
			"height": 64
		},
		"sourceSize": {
			"width": 130,
			"height": 194
		},
		"rotated": false
	},
	"sizeAbove/CubeExplosion1_Above_NE_06": {
		"frame": {
			"x": 0,
			"y": 0,
			"width": 74,
			"height": 67
		},
		"sourceSize": {
			"width": 130,
			"height": 194
		},
		"rotated": false
	},
	"sizeAbove/CubeExplosion1_Above_NE_07": {
		"frame": {
			"x": 174,
			"y": 275,
			"width": 54,
			"height": 63
		},
		"sourceSize": {
			"width": 130,
			"height": 194
		},
		"rotated": false
	},
	"sizeAbove/CubeExplosion1_Above_NE_08": {
		"frame": {
			"x": 208,
			"y": 0,
			"width": 58,
			"height": 56
		},
		"sourceSize": {
			"width": 130,
			"height": 194
		},
		"rotated": false
	},
	"sizeAbove/CubeExplosion1_Above_NE_09": {
		"frame": {
			"x": 408,
			"y": 59,
			"width": 54,
			"height": 59
		},
		"sourceSize": {
			"width": 130,
			"height": 194
		},
		"rotated": false
	},
	"sizeAbove/CubeExplosion1_Above_NE_10": {
		"frame": {
			"x": 54,
			"y": 418,
			"width": 54,
			"height": 59
		},
		"sourceSize": {
			"width": 130,
			"height": 194
		},
		"rotated": false
	},
	"sizeAbove/CubeExplosion1_Above_NE_11": {
		"frame": {
			"x": 482,
			"y": 392,
			"width": 42,
			"height": 36
		},
		"sourceSize": {
			"width": 130,
			"height": 194
		},
		"rotated": false
	},
	"sizeAbove/CubeExplosion1_Above_NE_12": {
		"frame": {
			"x": 60,
			"y": 194,
			"width": 12,
			"height": 13
		},
		"sourceSize": {
			"width": 130,
			"height": 194
		},
		"rotated": false
	},
	"sizeAbove/CubeExplosion1_Above_NW_00": {
		"frame": {
			"x": 60,
			"y": 224,
			"width": 10,
			"height": 13
		},
		"sourceSize": {
			"width": 130,
			"height": 194
		},
		"rotated": false
	},
	"sizeAbove/CubeExplosion1_Above_NW_01": {
		"frame": {
			"x": 482,
			"y": 462,
			"width": 28,
			"height": 27
		},
		"sourceSize": {
			"width": 130,
			"height": 194
		},
		"rotated": false
	},
	"sizeAbove/CubeExplosion1_Above_NW_02": {
		"frame": {
			"x": 464,
			"y": 59,
			"width": 48,
			"height": 61
		},
		"sourceSize": {
			"width": 130,
			"height": 194
		},
		"rotated": false
	},
	"sizeAbove/CubeExplosion1_Above_NW_03": {
		"frame": {
			"x": 42,
			"y": 259,
			"width": 40,
			"height": 87
		},
		"sourceSize": {
			"width": 130,
			"height": 194
		},
		"rotated": false
	},
	"sizeAbove/CubeExplosion1_Above_NW_04": {
		"frame": {
			"x": 286,
			"y": 209,
			"width": 50,
			"height": 67
		},
		"sourceSize": {
			"width": 130,
			"height": 194
		},
		"rotated": false
	},
	"sizeAbove/CubeExplosion1_Above_NW_05": {
		"frame": {
			"x": 190,
			"y": 59,
			"width": 54,
			"height": 67
		},
		"sourceSize": {
			"width": 130,
			"height": 194
		},
		"rotated": false
	},
	"sizeAbove/CubeExplosion1_Above_NW_06": {
		"frame": {
			"x": 76,
			"y": 79,
			"width": 56,
			"height": 77
		},
		"sourceSize": {
			"width": 130,
			"height": 194
		},
		"rotated": false
	},
	"sizeAbove/CubeExplosion1_Above_NW_07": {
		"frame": {
			"x": 230,
			"y": 209,
			"width": 54,
			"height": 63
		},
		"sourceSize": {
			"width": 130,
			"height": 194
		},
		"rotated": false
	},
	"sizeAbove/CubeExplosion1_Above_NW_08": {
		"frame": {
			"x": 54,
			"y": 349,
			"width": 50,
			"height": 67
		},
		"sourceSize": {
			"width": 130,
			"height": 194
		},
		"rotated": false
	},
	"sizeAbove/CubeExplosion1_Above_NW_09": {
		"frame": {
			"x": 106,
			"y": 349,
			"width": 54,
			"height": 59
		},
		"sourceSize": {
			"width": 130,
			"height": 194
		},
		"rotated": false
	},
	"sizeAbove/CubeExplosion1_Above_NW_10": {
		"frame": {
			"x": 174,
			"y": 340,
			"width": 54,
			"height": 59
		},
		"sourceSize": {
			"width": 130,
			"height": 194
		},
		"rotated": false
	},
	"sizeAbove/CubeExplosion1_Above_NW_11": {
		"frame": {
			"x": 392,
			"y": 484,
			"width": 34,
			"height": 42
		},
		"sourceSize": {
			"width": 130,
			"height": 194
		},
		"rotated": false
	},
	"sizeAbove/CubeExplosion1_Above_NW_12": {
		"frame": {
			"x": 116,
			"y": 158,
			"width": 12,
			"height": 13
		},
		"sourceSize": {
			"width": 130,
			"height": 194
		},
		"rotated": false
	},
	"sizeAbove/CubeExplosion1_Above_N_00": {
		"frame": {
			"x": 60,
			"y": 239,
			"width": 8,
			"height": 12
		},
		"sourceSize": {
			"width": 98,
			"height": 162
		},
		"rotated": false
	},
	"sizeAbove/CubeExplosion1_Above_N_01": {
		"frame": {
			"x": 224,
			"y": 132,
			"width": 20,
			"height": 27
		},
		"sourceSize": {
			"width": 98,
			"height": 162
		},
		"rotated": false
	},
	"sizeAbove/CubeExplosion1_Above_N_02": {
		"frame": {
			"x": 392,
			"y": 422,
			"width": 38,
			"height": 60
		},
		"sourceSize": {
			"width": 98,
			"height": 162
		},
		"rotated": false
	},
	"sizeAbove/CubeExplosion1_Above_N_03": {
		"frame": {
			"x": 134,
			"y": 231,
			"width": 38,
			"height": 91
		},
		"sourceSize": {
			"width": 98,
			"height": 162
		},
		"rotated": false
	},
	"sizeAbove/CubeExplosion1_Above_N_04": {
		"frame": {
			"x": 444,
			"y": 209,
			"width": 42,
			"height": 63
		},
		"sourceSize": {
			"width": 98,
			"height": 162
		},
		"rotated": false
	},
	"sizeAbove/CubeExplosion1_Above_N_05": {
		"frame": {
			"x": 386,
			"y": 358,
			"width": 48,
			"height": 53
		},
		"sourceSize": {
			"width": 98,
			"height": 162
		},
		"rotated": false
	},
	"sizeAbove/CubeExplosion1_Above_N_06": {
		"frame": {
			"x": 174,
			"y": 132,
			"width": 48,
			"height": 75
		},
		"sourceSize": {
			"width": 98,
			"height": 162
		},
		"rotated": false
	},
	"sizeAbove/CubeExplosion1_Above_N_07": {
		"frame": {
			"x": 394,
			"y": 209,
			"width": 48,
			"height": 61
		},
		"sourceSize": {
			"width": 98,
			"height": 162
		},
		"rotated": false
	},
	"sizeAbove/CubeExplosion1_Above_N_08": {
		"frame": {
			"x": 110,
			"y": 418,
			"width": 48,
			"height": 64
		},
		"sourceSize": {
			"width": 98,
			"height": 162
		},
		"rotated": false
	},
	"sizeAbove/CubeExplosion1_Above_N_09": {
		"frame": {
			"x": 496,
			"y": 0,
			"width": 48,
			"height": 54
		},
		"sourceSize": {
			"width": 98,
			"height": 162
		},
		"rotated": false
	},
	"sizeAbove/CubeExplosion1_Above_N_10": {
		"frame": {
			"x": 342,
			"y": 422,
			"width": 48,
			"height": 50
		},
		"sourceSize": {
			"width": 98,
			"height": 162
		},
		"rotated": false
	},
	"sizeAbove/CubeExplosion1_Above_N_11": {
		"frame": {
			"x": 518,
			"y": 163,
			"width": 30,
			"height": 39
		},
		"sourceSize": {
			"width": 98,
			"height": 162
		},
		"rotated": false
	},
	"sizeAbove/CubeExplosion1_Above_N_12": {
		"frame": {
			"x": 116,
			"y": 203,
			"width": 14,
			"height": 7
		},
		"sourceSize": {
			"width": 98,
			"height": 162
		},
		"rotated": false
	},
	"sizeAbove/CubeExplosion1_Above_SE_00": {
		"frame": {
			"x": 116,
			"y": 188,
			"width": 10,
			"height": 13
		},
		"sourceSize": {
			"width": 130,
			"height": 194
		},
		"rotated": false
	},
	"sizeAbove/CubeExplosion1_Above_SE_01": {
		"frame": {
			"x": 464,
			"y": 178,
			"width": 28,
			"height": 27
		},
		"sourceSize": {
			"width": 130,
			"height": 194
		},
		"rotated": false
	},
	"sizeAbove/CubeExplosion1_Above_SE_02": {
		"frame": {
			"x": 0,
			"y": 481,
			"width": 48,
			"height": 55
		},
		"sourceSize": {
			"width": 130,
			"height": 194
		},
		"rotated": false
	},
	"sizeAbove/CubeExplosion1_Above_SE_03": {
		"frame": {
			"x": 0,
			"y": 259,
			"width": 40,
			"height": 88
		},
		"sourceSize": {
			"width": 130,
			"height": 194
		},
		"rotated": false
	},
	"sizeAbove/CubeExplosion1_Above_SE_04": {
		"frame": {
			"x": 174,
			"y": 401,
			"width": 50,
			"height": 61
		},
		"sourceSize": {
			"width": 130,
			"height": 194
		},
		"rotated": false
	},
	"sizeAbove/CubeExplosion1_Above_SE_05": {
		"frame": {
			"x": 302,
			"y": 136,
			"width": 54,
			"height": 63
		},
		"sourceSize": {
			"width": 130,
			"height": 194
		},
		"rotated": false
	},
	"sizeAbove/CubeExplosion1_Above_SE_06": {
		"frame": {
			"x": 76,
			"y": 0,
			"width": 56,
			"height": 77
		},
		"sourceSize": {
			"width": 130,
			"height": 194
		},
		"rotated": false
	},
	"sizeAbove/CubeExplosion1_Above_SE_07": {
		"frame": {
			"x": 134,
			"y": 59,
			"width": 54,
			"height": 71
		},
		"sourceSize": {
			"width": 130,
			"height": 194
		},
		"rotated": false
	},
	"sizeAbove/CubeExplosion1_Above_SE_08": {
		"frame": {
			"x": 0,
			"y": 416,
			"width": 50,
			"height": 63
		},
		"sourceSize": {
			"width": 130,
			"height": 194
		},
		"rotated": false
	},
	"sizeAbove/CubeExplosion1_Above_SE_09": {
		"frame": {
			"x": 286,
			"y": 278,
			"width": 54,
			"height": 59
		},
		"sourceSize": {
			"width": 130,
			"height": 194
		},
		"rotated": false
	},
	"sizeAbove/CubeExplosion1_Above_SE_10": {
		"frame": {
			"x": 358,
			"y": 136,
			"width": 54,
			"height": 59
		},
		"sourceSize": {
			"width": 130,
			"height": 194
		},
		"rotated": false
	},
	"sizeAbove/CubeExplosion1_Above_SE_11": {
		"frame": {
			"x": 514,
			"y": 59,
			"width": 34,
			"height": 42
		},
		"sourceSize": {
			"width": 130,
			"height": 194
		},
		"rotated": false
	},
	"sizeAbove/CubeExplosion1_Above_SE_12": {
		"frame": {
			"x": 116,
			"y": 158,
			"width": 12,
			"height": 13
		},
		"sourceSize": {
			"width": 130,
			"height": 194
		},
		"rotated": false
	},
	"sizeAbove/CubeExplosion1_Above_SW_00": {
		"frame": {
			"x": 60,
			"y": 209,
			"width": 10,
			"height": 13
		},
		"sourceSize": {
			"width": 130,
			"height": 194
		},
		"rotated": false
	},
	"sizeAbove/CubeExplosion1_Above_SW_01": {
		"frame": {
			"x": 522,
			"y": 430,
			"width": 24,
			"height": 31
		},
		"sourceSize": {
			"width": 130,
			"height": 194
		},
		"rotated": false
	},
	"sizeAbove/CubeExplosion1_Above_SW_02": {
		"frame": {
			"x": 482,
			"y": 278,
			"width": 42,
			"height": 56
		},
		"sourceSize": {
			"width": 130,
			"height": 194
		},
		"rotated": false
	},
	"sizeAbove/CubeExplosion1_Above_SW_03": {
		"frame": {
			"x": 342,
			"y": 278,
			"width": 38,
			"height": 78
		},
		"sourceSize": {
			"width": 130,
			"height": 194
		},
		"rotated": false
	},
	"sizeAbove/CubeExplosion1_Above_SW_04": {
		"frame": {
			"x": 230,
			"y": 274,
			"width": 54,
			"height": 61
		},
		"sourceSize": {
			"width": 130,
			"height": 194
		},
		"rotated": false
	},
	"sizeAbove/CubeExplosion1_Above_SW_05": {
		"frame": {
			"x": 246,
			"y": 136,
			"width": 54,
			"height": 64
		},
		"sourceSize": {
			"width": 130,
			"height": 194
		},
		"rotated": false
	},
	"sizeAbove/CubeExplosion1_Above_SW_06": {
		"frame": {
			"x": 0,
			"y": 69,
			"width": 74,
			"height": 64
		},
		"sourceSize": {
			"width": 130,
			"height": 194
		},
		"rotated": false
	},
	"sizeAbove/CubeExplosion1_Above_SW_07": {
		"frame": {
			"x": 338,
			"y": 209,
			"width": 54,
			"height": 59
		},
		"sourceSize": {
			"width": 130,
			"height": 194
		},
		"rotated": false
	},
	"sizeAbove/CubeExplosion1_Above_SW_08": {
		"frame": {
			"x": 0,
			"y": 194,
			"width": 58,
			"height": 63
		},
		"sourceSize": {
			"width": 130,
			"height": 194
		},
		"rotated": false
	},
	"sizeAbove/CubeExplosion1_Above_SW_09": {
		"frame": {
			"x": 230,
			"y": 337,
			"width": 54,
			"height": 59
		},
		"sourceSize": {
			"width": 130,
			"height": 194
		},
		"rotated": false
	},
	"sizeAbove/CubeExplosion1_Above_SW_10": {
		"frame": {
			"x": 268,
			"y": 0,
			"width": 54,
			"height": 57
		},
		"sourceSize": {
			"width": 130,
			"height": 194
		},
		"rotated": false
	},
	"sizeAbove/CubeExplosion1_Above_SW_11": {
		"frame": {
			"x": 436,
			"y": 467,
			"width": 42,
			"height": 31
		},
		"sourceSize": {
			"width": 130,
			"height": 194
		},
		"rotated": false
	},
	"sizeAbove/CubeExplosion1_Above_SW_12": {
		"frame": {
			"x": 60,
			"y": 194,
			"width": 12,
			"height": 13
		},
		"sourceSize": {
			"width": 130,
			"height": 194
		},
		"rotated": false
	},
	"sizeAbove/CubeExplosion1_Above_S_00": {
		"frame": {
			"x": 116,
			"y": 244,
			"width": 8,
			"height": 12
		},
		"sourceSize": {
			"width": 98,
			"height": 162
		},
		"rotated": false
	},
	"sizeAbove/CubeExplosion1_Above_S_01": {
		"frame": {
			"x": 224,
			"y": 161,
			"width": 20,
			"height": 27
		},
		"sourceSize": {
			"width": 98,
			"height": 162
		},
		"rotated": false
	},
	"sizeAbove/CubeExplosion1_Above_S_02": {
		"frame": {
			"x": 436,
			"y": 413,
			"width": 38,
			"height": 52
		},
		"sourceSize": {
			"width": 98,
			"height": 162
		},
		"rotated": false
	},
	"sizeAbove/CubeExplosion1_Above_S_03": {
		"frame": {
			"x": 286,
			"y": 339,
			"width": 38,
			"height": 78
		},
		"sourceSize": {
			"width": 98,
			"height": 162
		},
		"rotated": false
	},
	"sizeAbove/CubeExplosion1_Above_S_04": {
		"frame": {
			"x": 488,
			"y": 209,
			"width": 42,
			"height": 60
		},
		"sourceSize": {
			"width": 98,
			"height": 162
		},
		"rotated": false
	},
	"sizeAbove/CubeExplosion1_Above_S_05": {
		"frame": {
			"x": 110,
			"y": 484,
			"width": 48,
			"height": 53
		},
		"sourceSize": {
			"width": 98,
			"height": 162
		},
		"rotated": false
	},
	"sizeAbove/CubeExplosion1_Above_S_06": {
		"frame": {
			"x": 246,
			"y": 59,
			"width": 48,
			"height": 75
		},
		"sourceSize": {
			"width": 98,
			"height": 162
		},
		"rotated": false
	},
	"sizeAbove/CubeExplosion1_Above_S_07": {
		"frame": {
			"x": 54,
			"y": 479,
			"width": 48,
			"height": 58
		},
		"sourceSize": {
			"width": 98,
			"height": 162
		},
		"rotated": false
	},
	"sizeAbove/CubeExplosion1_Above_S_08": {
		"frame": {
			"x": 230,
			"y": 398,
			"width": 48,
			"height": 61
		},
		"sourceSize": {
			"width": 98,
			"height": 162
		},
		"rotated": false
	},
	"sizeAbove/CubeExplosion1_Above_S_09": {
		"frame": {
			"x": 286,
			"y": 419,
			"width": 48,
			"height": 54
		},
		"sourceSize": {
			"width": 98,
			"height": 162
		},
		"rotated": false
	},
	"sizeAbove/CubeExplosion1_Above_S_10": {
		"frame": {
			"x": 286,
			"y": 475,
			"width": 48,
			"height": 50
		},
		"sourceSize": {
			"width": 98,
			"height": 162
		},
		"rotated": false
	},
	"sizeAbove/CubeExplosion1_Above_S_11": {
		"frame": {
			"x": 518,
			"y": 122,
			"width": 30,
			"height": 39
		},
		"sourceSize": {
			"width": 98,
			"height": 162
		},
		"rotated": false
	},
	"sizeAbove/CubeExplosion1_Above_S_12": {
		"frame": {
			"x": 116,
			"y": 203,
			"width": 14,
			"height": 7
		},
		"sourceSize": {
			"width": 98,
			"height": 162
		},
		"rotated": false
	},
	"sizeAbove/CubeExplosion1_Above_W_00": {
		"frame": {
			"x": 124,
			"y": 212,
			"width": 8,
			"height": 12
		},
		"sourceSize": {
			"width": 98,
			"height": 162
		},
		"rotated": false
	},
	"sizeAbove/CubeExplosion1_Above_W_01": {
		"frame": {
			"x": 522,
			"y": 463,
			"width": 24,
			"height": 24
		},
		"sourceSize": {
			"width": 98,
			"height": 162
		},
		"rotated": false
	},
	"sizeAbove/CubeExplosion1_Above_W_02": {
		"frame": {
			"x": 230,
			"y": 461,
			"width": 42,
			"height": 61
		},
		"sourceSize": {
			"width": 98,
			"height": 162
		},
		"rotated": false
	},
	"sizeAbove/CubeExplosion1_Above_W_03": {
		"frame": {
			"x": 84,
			"y": 259,
			"width": 38,
			"height": 82
		},
		"sourceSize": {
			"width": 98,
			"height": 162
		},
		"rotated": false
	},
	"sizeAbove/CubeExplosion1_Above_W_04": {
		"frame": {
			"x": 440,
			"y": 0,
			"width": 54,
			"height": 56
		},
		"sourceSize": {
			"width": 98,
			"height": 162
		},
		"rotated": false
	},
	"sizeAbove/CubeExplosion1_Above_W_05": {
		"frame": {
			"x": 414,
			"y": 136,
			"width": 48,
			"height": 64
		},
		"sourceSize": {
			"width": 98,
			"height": 162
		},
		"rotated": false
	},
	"sizeAbove/CubeExplosion1_Above_W_06": {
		"frame": {
			"x": 0,
			"y": 135,
			"width": 72,
			"height": 57
		},
		"sourceSize": {
			"width": 98,
			"height": 162
		},
		"rotated": false
	},
	"sizeAbove/CubeExplosion1_Above_W_07": {
		"frame": {
			"x": 464,
			"y": 122,
			"width": 52,
			"height": 54
		},
		"sourceSize": {
			"width": 98,
			"height": 162
		},
		"rotated": false
	},
	"sizeAbove/CubeExplosion1_Above_W_08": {
		"frame": {
			"x": 382,
			"y": 0,
			"width": 56,
			"height": 54
		},
		"sourceSize": {
			"width": 98,
			"height": 162
		},
		"rotated": false
	},
	"sizeAbove/CubeExplosion1_Above_W_09": {
		"frame": {
			"x": 432,
			"y": 278,
			"width": 48,
			"height": 54
		},
		"sourceSize": {
			"width": 98,
			"height": 162
		},
		"rotated": false
	},
	"sizeAbove/CubeExplosion1_Above_W_10": {
		"frame": {
			"x": 336,
			"y": 475,
			"width": 38,
			"height": 54
		},
		"sourceSize": {
			"width": 98,
			"height": 162
		},
		"rotated": false
	},
	"sizeAbove/CubeExplosion1_Above_W_11": {
		"frame": {
			"x": 436,
			"y": 500,
			"width": 38,
			"height": 30
		},
		"sourceSize": {
			"width": 98,
			"height": 162
		},
		"rotated": false
	},
	"sizeAbove/CubeExplosion1_Above_W_12": {
		"frame": {
			"x": 116,
			"y": 212,
			"width": 6,
			"height": 16
		},
		"sourceSize": {
			"width": 98,
			"height": 162
		},
		"rotated": false
	}
}