{
	"PressAnyKey/sizeAbove/PressAnyKey_Above_E": {
		"frame": {
			"x": 0,
			"y": 122,
			"width": 54,
			"height": 40
		},
		"sourceSize": {
			"width": 98,
			"height": 162
		},
		"rotated": false
	},
	"PressAnyKey/sizeAbove/PressAnyKey_Above_N": {
		"frame": {
			"x": 120,
			"y": 0,
			"width": 40,
			"height": 55
		},
		"sourceSize": {
			"width": 98,
			"height": 162
		},
		"rotated": false
	},
	"PressAnyKey/sizeAbove/PressAnyKey_Above_NE": {
		"frame": {
			"x": 0,
			"y": 0,
			"width": 58,
			"height": 61
		},
		"sourceSize": {
			"width": 130,
			"height": 194
		},
		"rotated": false
	},
	"PressAnyKey/sizeAbove/PressAnyKey_Above_NW": {
		"frame": {
			"x": 0,
			"y": 63,
			"width": 62,
			"height": 57
		},
		"sourceSize": {
			"width": 130,
			"height": 194
		},
		"rotated": false
	},
	"PressAnyKey/sizeAbove/PressAnyKey_Above_S": {
		"frame": {
			"x": 128,
			"y": 63,
			"width": 40,
			"height": 55
		},
		"sourceSize": {
			"width": 98,
			"height": 162
		},
		"rotated": false
	},
	"PressAnyKey/sizeAbove/PressAnyKey_Above_SE": {
		"frame": {
			"x": 64,
			"y": 63,
			"width": 62,
			"height": 57
		},
		"sourceSize": {
			"width": 130,
			"height": 194
		},
		"rotated": false
	},
	"PressAnyKey/sizeAbove/PressAnyKey_Above_SW": {
		"frame": {
			"x": 60,
			"y": 0,
			"width": 58,
			"height": 61
		},
		"sourceSize": {
			"width": 130,
			"height": 194
		},
		"rotated": false
	},
	"PressAnyKey/sizeAbove/PressAnyKey_Above_W": {
		"frame": {
			"x": 56,
			"y": 122,
			"width": 54,
			"height": 40
		},
		"sourceSize": {
			"width": 98,
			"height": 162
		},
		"rotated": false
	}
}