{
	"Arrow/sizeAbove/Arrow_Above_E": {
		"frame": {
			"x": 0,
			"y": 126,
			"width": 60,
			"height": 61
		},
		"sourceSize": {
			"width": 98,
			"height": 162
		},
		"rotated": false
	},
	"Arrow/sizeAbove/Arrow_Above_N": {
		"frame": {
			"x": 128,
			"y": 0,
			"width": 60,
			"height": 61
		},
		"sourceSize": {
			"width": 98,
			"height": 162
		},
		"rotated": false
	},
	"Arrow/sizeAbove/Arrow_Above_NE": {
		"frame": {
			"x": 0,
			"y": 0,
			"width": 62,
			"height": 61
		},
		"sourceSize": {
			"width": 130,
			"height": 194
		},
		"rotated": false
	},
	"Arrow/sizeAbove/Arrow_Above_NW": {
		"frame": {
			"x": 0,
			"y": 63,
			"width": 62,
			"height": 61
		},
		"sourceSize": {
			"width": 130,
			"height": 194
		},
		"rotated": false
	},
	"Arrow/sizeAbove/Arrow_Above_S": {
		"frame": {
			"x": 62,
			"y": 126,
			"width": 60,
			"height": 61
		},
		"sourceSize": {
			"width": 98,
			"height": 162
		},
		"rotated": false
	},
	"Arrow/sizeAbove/Arrow_Above_SE": {
		"frame": {
			"x": 64,
			"y": 0,
			"width": 62,
			"height": 61
		},
		"sourceSize": {
			"width": 130,
			"height": 194
		},
		"rotated": false
	},
	"Arrow/sizeAbove/Arrow_Above_SW": {
		"frame": {
			"x": 64,
			"y": 63,
			"width": 62,
			"height": 61
		},
		"sourceSize": {
			"width": 130,
			"height": 194
		},
		"rotated": false
	},
	"Arrow/sizeAbove/Arrow_Above_W": {
		"frame": {
			"x": 128,
			"y": 63,
			"width": 60,
			"height": 61
		},
		"sourceSize": {
			"width": 98,
			"height": 162
		},
		"rotated": false
	}
}