{
	"Grenade/sizeAbove/Grenade_Above_E": {
		"frame": {
			"x": 0,
			"y": 0,
			"width": 60,
			"height": 74
		},
		"sourceSize": {
			"width": 98,
			"height": 162
		},
		"rotated": false
	},
	"Grenade/sizeAbove/Grenade_Above_N": {
		"frame": {
			"x": 62,
			"y": 0,
			"width": 60,
			"height": 74
		},
		"sourceSize": {
			"width": 98,
			"height": 162
		},
		"rotated": false
	},
	"Grenade/sizeAbove/Grenade_Above_NE": {
		"frame": {
			"x": 124,
			"y": 0,
			"width": 58,
			"height": 71
		},
		"sourceSize": {
			"width": 130,
			"height": 194
		},
		"rotated": false
	},
	"Grenade/sizeAbove/Grenade_Above_NW": {
		"frame": {
			"x": 124,
			"y": 73,
			"width": 58,
			"height": 71
		},
		"sourceSize": {
			"width": 130,
			"height": 194
		},
		"rotated": false
	},
	"Grenade/sizeAbove/Grenade_Above_S": {
		"frame": {
			"x": 0,
			"y": 76,
			"width": 60,
			"height": 74
		},
		"sourceSize": {
			"width": 98,
			"height": 162
		},
		"rotated": false
	},
	"Grenade/sizeAbove/Grenade_Above_SE": {
		"frame": {
			"x": 0,
			"y": 152,
			"width": 58,
			"height": 71
		},
		"sourceSize": {
			"width": 130,
			"height": 194
		},
		"rotated": false
	},
	"Grenade/sizeAbove/Grenade_Above_SW": {
		"frame": {
			"x": 60,
			"y": 152,
			"width": 58,
			"height": 71
		},
		"sourceSize": {
			"width": 130,
			"height": 194
		},
		"rotated": false
	},
	"Grenade/sizeAbove/Grenade_Above_W": {
		"frame": {
			"x": 62,
			"y": 76,
			"width": 60,
			"height": 74
		},
		"sourceSize": {
			"width": 98,
			"height": 162
		},
		"rotated": false
	}
}