{
	"Squaddie/sizeBaseSloped/Squaddie_Slope_E": {
		"frame": {
			"x": 118,
			"y": 77,
			"width": 52,
			"height": 34
		},
		"sourceSize": {
			"width": 100,
			"height": 132
		},
		"rotated": false
	},
	"Squaddie/sizeBaseSloped/Squaddie_Slope_N": {
		"frame": {
			"x": 0,
			"y": 95,
			"width": 54,
			"height": 38
		},
		"sourceSize": {
			"width": 100,
			"height": 132
		},
		"rotated": false
	},
	"Squaddie/sizeBaseSloped/Squaddie_Slope_NE": {
		"frame": {
			"x": 64,
			"y": 0,
			"width": 62,
			"height": 37
		},
		"sourceSize": {
			"width": 132,
			"height": 164
		},
		"rotated": false
	},
	"Squaddie/sizeBaseSloped/Squaddie_Slope_NW": {
		"frame": {
			"x": 0,
			"y": 47,
			"width": 58,
			"height": 46
		},
		"sourceSize": {
			"width": 132,
			"height": 164
		},
		"rotated": false
	},
	"Squaddie/sizeBaseSloped/Squaddie_Slope_S": {
		"frame": {
			"x": 64,
			"y": 117,
			"width": 54,
			"height": 35
		},
		"sourceSize": {
			"width": 100,
			"height": 132
		},
		"rotated": false
	},
	"Squaddie/sizeBaseSloped/Squaddie_Slope_SE": {
		"frame": {
			"x": 64,
			"y": 39,
			"width": 58,
			"height": 36
		},
		"sourceSize": {
			"width": 132,
			"height": 164
		},
		"rotated": false
	},
	"Squaddie/sizeBaseSloped/Squaddie_Slope_SW": {
		"frame": {
			"x": 0,
			"y": 0,
			"width": 62,
			"height": 45
		},
		"sourceSize": {
			"width": 132,
			"height": 164
		},
		"rotated": false
	},
	"Squaddie/sizeBaseSloped/Squaddie_Slope_W": {
		"frame": {
			"x": 64,
			"y": 77,
			"width": 52,
			"height": 38
		},
		"sourceSize": {
			"width": 100,
			"height": 132
		},
		"rotated": false
	}
}